"","Threshold 1","Threshold 2","Threshold 3","Threshold 4","Threshold 5"
"Item 1",-0.1542283470796,-0.447493331998539,0.569736076942274,0.854118469981639,3.07291624943216
"Item 2",-1.80938123624051,-0.549198118611865,-0.938384513284048,0.164696405105456,1.2739322812846
"Item 3",-0.809011575262937,-0.663727921988875,0.12627175465771,0.876094517984261,2.69733649433586
"Item 4",0.164996914556632,0.335790799742169,0.86481579262376,1.74288012034446,4.23884271466794
"Item 5",0.457477608640468,0.413594101459488,1.00696740497825,2.12500812254895,4.58215178879699
"Item 6",-1.29833314575502,-1.6148487782727,-0.0912557205535238,-0.0748210110590666,1.44489929231513
"Item 7",-1.29045089601185,-0.470497061465851,-0.284826403446951,0.082239473169369,1.14569906416128
"Item 8",-0.427071175619653,-0.00659210114190945,0.124053646192988,0.738660690764549,2.23623333597013
