Threshold 1,Threshold 2,Threshold 3,Threshold 4,Threshold 5
-0.15422834707960043,-0.44749333199853936,0.5697360769422745,0.854118469981639,3.0729162494321574
-1.8093812362405104,-0.5491981186118648,-0.9383845132840478,0.16469640510545602,1.273932281284599
-0.8090115752629373,-0.6637279219888746,0.1262717546577099,0.876094517984261,2.6973364943358638
0.1649969145566316,0.33579079974216874,0.8648157926237595,1.742880120344456,4.238842714667939
0.4574776086404683,0.41359410145948755,1.0069674049782547,2.12500812254895,4.582151788796989
-1.298333145755022,-1.6148487782727028,-0.09125572055352382,-0.07482101105906658,1.4448992923151258
-1.2904508960118481,-0.47049706146585124,-0.284826403446951,0.08223947316936897,1.1456990641612836
-0.4270711756196533,-0.0065921011419094455,0.12405364619298759,0.7386606907645485,2.2362333359701285
